-- --------------------------------------------------------
-- Host:                         127.0.0.1
-- Server version:               8.0.13 - MySQL Community Server - GPL
-- Server OS:                    Win64
-- HeidiSQL Version:             10.1.0.5464
-- --------------------------------------------------------

/*!40101 SET @OLD_CHARACTER_SET_CLIENT=@@CHARACTER_SET_CLIENT */;
/*!40101 SET NAMES utf8 */;
/*!50503 SET NAMES utf8mb4 */;
/*!40014 SET @OLD_FOREIGN_KEY_CHECKS=@@FOREIGN_KEY_CHECKS, FOREIGN_KEY_CHECKS=0 */;
/*!40101 SET @OLD_SQL_MODE=@@SQL_MODE, SQL_MODE='NO_AUTO_VALUE_ON_ZERO' */;


-- Dumping database structure for project
-- CREATE DATABASE IF NOT EXISTS `project` /*!40100 DEFAULT CHARACTER SET utf8mb4 COLLATE utf8mb4_0900_ai_ci */;
USE `project`;

-- Dumping structure for table project.customer
CREATE TABLE IF NOT EXISTS `customer` (
  `customer_id` int(11) NOT NULL AUTO_INCREMENT,
  `customer_name` varchar(100) DEFAULT NULL,
  `customer_email` varchar(50) DEFAULT NULL,
  `customer_contact` varchar(100) DEFAULT NULL,
  `customer_gender` varchar(1) DEFAULT NULL,
  `customer_address` varchar(100) DEFAULT NULL,
  PRIMARY KEY (`customer_id`)
) ENGINE=InnoDB AUTO_INCREMENT=175 DEFAULT CHARSET=utf8mb4 COLLATE=utf8mb4_0900_ai_ci;

-- Dumping data for table project.customer: ~70 rows (approximately)
/*!40000 ALTER TABLE `customer` DISABLE KEYS */;
INSERT INTO `customer` (`customer_id`, `customer_name`, `customer_email`, `customer_contact`, `customer_gender`, `customer_address`) VALUES
	(101, 'John', 'John@gmail.com', '9876545678', 'M', 'India'),
	(102, 'Madhu', 'Madhu@gmail.com', '9876543672', 'F', 'UK'),
	(103, 'Ram', 'Ram@gmail.com', '9876541666', 'M', 'India'),
	(104, 'Ravi', 'Ravi@gmail.com', '9876539660', 'M', 'India'),
	(105, 'Rekha', 'Rekha@gmail.com', '9876537654', 'F', 'India'),
	(106, 'Tim', 'Tim@gmail.com', '9876535648', 'M', 'Canada'),
	(107, 'Brain', 'Brain@gmail.com', '9876533642', 'M', 'India'),
	(108, 'Jarod', 'Jarod@gmail.com', '9876531636', 'M', 'Newzealand'),
	(109, 'Emma', 'Emma@gmail.com', '9876529630', 'F', 'Bahrain'),
	(110, 'Rekha', 'Rekha@gmail.com', '9876527624', 'F', 'Bangladesh'),
	(111, 'Raj', 'Raj@gmail.com', '9876525618', 'M', 'Barbados'),
	(112, 'Madhu', 'Madhu@gmail.com', '9876523612', 'F', 'Belarus'),
	(113, 'Ramya', 'Ramya@gmail.com', '9876521606', 'F', 'Belgium'),
	(114, 'Shyam', 'Shyam@gmail.com', '9876519600', 'M', 'Belize'),
	(115, 'Tom', 'Tom@gmail.com', '9876517594', 'M', 'Benin'),
	(116, 'Jagan', 'Jagan@gmail.com', '9876515588', 'M', 'Bhutan'),
	(117, 'Kitey', 'Kitey@gmail.com', '9876513582', 'M', 'Bolivia'),
	(118, 'Rich', 'Rich@gmail.com', '9876511576', 'M', 'Bosnia'),
	(119, 'Tony', 'Tony@gmail.com', '9876509570', 'M', 'Botswana'),
	(120, 'Yumy', 'Yumy@gmail.com', '9876507564', 'M', 'Brazil'),
	(121, 'Abe', 'Abe@gmail.com', '9876505558', 'M', 'Brunei'),
	(122, 'Xfin', 'Xfin@gmail.com', '9876503552', 'M', 'Bulgaria'),
	(123, 'Anu', 'Anu@gmail.com', '9876501546', 'M', 'Burkina'),
	(124, 'Varsha', 'Varsha@gmail.com', '9876499540', 'F', 'Burundi'),
	(125, 'Umby', 'Umby@gmail.com', '9876497534', 'M', 'India'),
	(126, 'Uvi', 'Uvi@gmail.com', '9876495528', 'M', 'India'),
	(127, 'Rob', 'Rob@gmail.com', '9876493522', 'M', 'India'),
	(128, 'Teja', 'Teja@gmail.com', '9876491516', 'F', 'Denmark'),
	(129, 'Nikhil', 'Nikhil@gmail.com', '9876489510', 'M', 'Djibouti'),
	(130, 'Inky', 'Inky@gmail.com', '9876487504', 'M', 'Dominica'),
	(131, 'Pinky', 'Pinky@gmail.com', '9876485498', 'F', 'Dominican Republic'),
	(132, 'lekhya', 'lekhya@gmail.com', '9876483492', 'M', 'India'),
	(133, 'Noah', 'Noah@gmail.com', '9876481486', 'M', 'India'),
	(134, 'William', 'William@gmail.com', '9876479480', 'M', 'India'),
	(135, 'James', 'James@gmail.com', '9876477474', 'M', 'India'),
	(136, 'Logan', 'Logan@gmail.com', '9876475468', 'M', 'India'),
	(137, 'Benjamin', 'Benjamin@gmail.com', '9876473462', 'M', 'India'),
	(138, 'Mason', 'Mason@gmail.com', '9876471456', 'M', 'India'),
	(139, 'Elijah', 'Elijah@gmail.com', '9876469450', 'M', 'India'),
	(140, 'Oliver', 'Oliver@gmail.com', '9876467444', 'M', 'India'),
	(141, 'Jacob', 'Jacob@gmail.com', '9876465438', 'M', 'India'),
	(142, 'Lucas', 'Lucas@gmail.com', '9876463432', 'M', 'India'),
	(143, 'Michael', 'Michael@gmail.com', '9876461426', 'M', 'India'),
	(144, 'Alexander', 'Alexander@gmail.com', '9876459420', 'M', 'Gabon'),
	(145, 'Ethan', 'Ethan@gmail.com', '9876457414', 'M', 'The Gambia'),
	(146, 'Daniel', 'Daniel@gmail.com', '9876455408', 'M', 'Georgia'),
	(147, 'Matthew', 'Matthew@gmail.com', '9876453402', 'M', 'Germany'),
	(148, 'Aiden', 'Aiden@gmail.com', '9876451396', 'F', 'Ghana'),
	(149, 'Henry', 'Henry@gmail.com', '9876449390', 'F', 'Greece'),
	(150, 'Joseph', 'Joseph@gmail.com', '9876447384', 'M', 'Grenada'),
	(151, 'Jackson', 'Jackson@gmail.com', '9876445378', 'M', 'Guatemala'),
	(152, 'Samuel', 'Samuel@gmail.com', '9876443372', 'M', 'Guinea'),
	(153, 'Sebastian', 'Sebastian@gmail.com', '9876441366', 'M', 'Guinea-Bissau'),
	(154, 'David', 'David@gmail.com', '9876439360', 'M', 'Guyana'),
	(155, 'Carter', 'Carter@gmail.com', '9876437354', 'M', 'India'),
	(156, 'Wyatt', 'Wyatt@gmail.com', '9876435348', 'M', 'India'),
	(157, 'Jayden', 'Jayden@gmail.com', '9876433342', 'M', 'India'),
	(158, 'John', 'John@gmail.com', '9876431336', 'M', 'India'),
	(159, 'Owen', 'Owen@gmail.com', '9876429330', 'M', 'India'),
	(160, 'Dylan', 'Dylan@gmail.com', '9876427324', 'M', 'India'),
	(161, 'Luke', 'Luke@gmail.com', '9876425318', 'M', 'India'),
	(162, 'Gabriel', 'Gabriel@gmail.com', '9876423312', 'M', 'Indonesia'),
	(163, 'Anthony', 'Anthony@gmail.com', '9876421306', 'M', 'Iran'),
	(164, 'Isaac', 'Isaac@gmail.com', '9876419300', 'M', 'Iraq'),
	(165, 'Grayson', 'Grayson@gmail.com', '9876417294', 'M', 'Ireland'),
	(166, 'Jack', 'Jack@gmail.com', '9876415288', 'M', 'Israel'),
	(167, 'Julian', 'Julian@gmail.com', '9876413282', 'M', 'Italy'),
	(168, 'Levi', 'Levi@gmail.com', '9876411276', 'F', 'Jamaica'),
	(169, 'Christopher', 'Christopher@gmail.com', '9876409270', 'F', 'Japan'),
	(170, 'Jousha', 'Jousha@gmail.com', '9876543212', 'M', 'UAE');
/*!40000 ALTER TABLE `customer` ENABLE KEYS */;

-- Dumping structure for table project.inventory
CREATE TABLE IF NOT EXISTS `inventory` (
  `units_stock` int(11) DEFAULT NULL,
  `unit_price` int(11) DEFAULT NULL,
  `serial_no` varchar(50) DEFAULT NULL,
  `vendor_id` int(11) NOT NULL AUTO_INCREMENT,
  PRIMARY KEY (`vendor_id`)
) ENGINE=InnoDB AUTO_INCREMENT=371 DEFAULT CHARSET=utf8mb4 COLLATE=utf8mb4_0900_ai_ci;

-- Dumping data for table project.inventory: ~70 rows (approximately)
/*!40000 ALTER TABLE `inventory` DISABLE KEYS */;
INSERT INTO `inventory` (`units_stock`, `unit_price`, `serial_no`, `vendor_id`) VALUES
	(500, 18000, 'SR_001', 301),
	(1500, 20000, 'SR_002', 302),
	(600, 3000, 'SR_003', 303),
	(700, 5000, 'SR_004', 304),
	(100, 2000, 'SR_005', 305),
	(300, 4000, 'SR_006', 306),
	(600, 7000, 'SR_007', 307),
	(600, 10000, 'SR_008', 308),
	(700, 36000, 'SR_009', 309),
	(100, 40000, 'SR_010', 310),
	(1400, 6000, 'SR_011', 311),
	(3000, 10000, 'SR_012', 312),
	(1200, 4000, 'SR_013', 313),
	(1400, 8000, 'SR_014', 314),
	(200, 14000, 'SR_015', 315),
	(600, 20000, 'SR_016', 316),
	(1200, 72000, 'SR_017', 317),
	(1200, 80000, 'SR_018', 318),
	(1400, 12000, 'SR_019', 319),
	(200, 20000, 'SR_020', 320),
	(2800, 10000, 'SR_021', 321),
	(6000, 4000, 'SR_022', 322),
	(2400, 8000, 'SR_023', 323),
	(600, 14000, 'SR_024', 324),
	(1800, 20000, 'SR_025', 325),
	(3600, 72000, 'SR_026', 326),
	(3600, 80000, 'SR_027', 327),
	(4200, 12000, 'SR_028', 328),
	(600, 20000, 'SR_029', 329),
	(8400, 8000, 'SR_030', 330),
	(1400, 16000, 'SR_031', 331),
	(200, 28000, 'SR_032', 332),
	(600, 40000, 'SR_033', 333),
	(1200, 144000, 'SR_034', 334),
	(1200, 160000, 'SR_035', 335),
	(1400, 24000, 'SR_036', 336),
	(200, 24000, 'SR_037', 337),
	(2800, 42000, 'SR_038', 338),
	(6000, 60000, 'SR_039', 339),
	(2400, 216000, 'SR_040', 340),
	(1000, 240000, 'SR_041', 341),
	(3000, 36000, 'SR_042', 342),
	(1200, 60000, 'SR_043', 343),
	(1400, 30000, 'SR_044', 344),
	(200, 12000, 'SR_045', 345),
	(600, 24000, 'SR_046', 346),
	(1200, 42000, 'SR_047', 347),
	(1200, 60000, 'SR_048', 348),
	(1400, 216000, 'SR_049', 349),
	(200, 240000, 'SR_050', 350),
	(2800, 36000, 'SR_051', 351),
	(6000, 60000, 'SR_052', 352),
	(2400, 24000, 'SR_053', 353),
	(2800, 80000, 'SR_054', 354),
	(400, 40000, 'SR_055', 355),
	(1200, 16000, 'SR_056', 356),
	(2400, 32000, 'SR_057', 357),
	(1200, 56000, 'SR_058', 358),
	(1200, 80000, 'SR_059', 359),
	(1400, 288000, 'SR_060', 360),
	(200, 320000, 'SR_061', 361),
	(2800, 48000, 'SR_062', 362),
	(6000, 80000, 'SR_063', 363),
	(2400, 32000, 'SR_064', 364),
	(2800, 64000, 'SR_065', 365),
	(400, 112000, 'SR_066', 366),
	(1200, 160000, 'SR_067', 367),
	(2400, 576000, 'SR_068', 368),
	(2400, 40000, 'SR_069', 369),
	(2700, 45000, 'SR_070', 370);
/*!40000 ALTER TABLE `inventory` ENABLE KEYS */;

-- Dumping structure for table project.orderr
CREATE TABLE IF NOT EXISTS `orderr` (
  `order_code` int(11) NOT NULL AUTO_INCREMENT,
  `product_code` varchar(10) DEFAULT NULL,
  `order_quantity` int(20) DEFAULT NULL,
  `customer_id` int(20) DEFAULT NULL,
  `vendor_id` int(20) DEFAULT NULL,
  PRIMARY KEY (`order_code`)
) ENGINE=InnoDB AUTO_INCREMENT=10171 DEFAULT CHARSET=utf8mb4 COLLATE=utf8mb4_0900_ai_ci;

-- Dumping data for table project.orderr: ~70 rows (approximately)
/*!40000 ALTER TABLE `orderr` DISABLE KEYS */;
INSERT INTO `orderr` (`order_code`, `product_code`, `order_quantity`, `customer_id`, `vendor_id`) VALUES
	(10101, 'S18_1749', 1, 101, 301),
	(10102, 'S18_1750', 2, 102, 302),
	(10103, 'S18_1751', 2, 103, 303),
	(10104, 'S18_1752', 3, 104, 304),
	(10105, 'S18_1753', 8, 105, 305),
	(10106, 'S18_1754', 2, 106, 306),
	(10107, 'S18_1755', 3, 107, 307),
	(10108, 'S18_1756', 1, 108, 308),
	(10109, 'S18_1757', 2, 109, 309),
	(10110, 'S18_1758', 2, 110, 310),
	(10111, 'S18_1759', 3, 111, 311),
	(10112, 'S18_1760', 8, 112, 312),
	(10113, 'S18_1761', 2, 113, 313),
	(10114, 'S18_1762', 3, 114, 314),
	(10115, 'S18_1763', 4, 115, 315),
	(10116, 'S18_1764', 2, 116, 316),
	(10117, 'S18_1765', 1, 117, 317),
	(10118, 'S18_1766', 3, 118, 318),
	(10119, 'S20_1767', 1, 119, 319),
	(10120, 'S20_1768', 2, 120, 320),
	(10121, 'S20_1769', 2, 121, 321),
	(10122, 'S20_1770', 3, 122, 322),
	(10123, 'S20_1771', 2, 123, 323),
	(10124, 'S20_1772', 2, 124, 324),
	(10125, 'S20_1773', 3, 125, 325),
	(10126, 'S20_1774', 5, 126, 326),
	(10127, 'S20_1775', 15, 127, 327),
	(10128, 'S20_1776', 2, 128, 328),
	(10129, 'S20_1777', 5, 129, 329),
	(10130, 'S20_1778', 1, 130, 330),
	(10131, 'S20_1779', 2, 131, 331),
	(10132, 'S20_1780', 1, 132, 332),
	(10133, 'S20_1781', 1, 133, 333),
	(10134, 'S20_1782', 1, 134, 334),
	(10135, 'S20_1783', 2, 135, 335),
	(10136, 'S20_1784', 2, 136, 336),
	(10137, 'S20_1785', 3, 137, 337),
	(10138, 'S21_1786', 5, 138, 338),
	(10139, 'S21_1787', 1, 139, 339),
	(10140, 'S21_1788', 2, 140, 340),
	(10141, 'S21_1789', 2, 141, 341),
	(10142, 'S21_1790', 3, 142, 342),
	(10143, 'S21_1791', 8, 143, 343),
	(10144, 'S21_1792', 2, 144, 344),
	(10145, 'S21_1793', 1, 145, 345),
	(10146, 'S21_1794', 3, 146, 346),
	(10147, 'S21_1795', 1, 147, 347),
	(10148, 'S21_1796', 2, 148, 348),
	(10149, 'S21_1797', 2, 149, 349),
	(10150, 'S21_1798', 3, 150, 350),
	(10151, 'S21_1799', 2, 151, 351),
	(10152, 'S21_1800', 2, 152, 352),
	(10153, 'S21_1801', 3, 153, 353),
	(10154, 'S21_1802', 5, 154, 354),
	(10155, 'S21_1803', 1, 155, 355),
	(10156, 'S22_1804', 1, 156, 356),
	(10157, 'S22_1805', 1, 157, 357),
	(10158, 'S22_1806', 2, 158, 358),
	(10159, 'S22_1807', 2, 159, 359),
	(10160, 'S22_1808', 3, 160, 360),
	(10161, 'S22_1809', 5, 161, 361),
	(10162, 'S22_1810', 1, 162, 362),
	(10163, 'S22_1811', 2, 163, 363),
	(10164, 'S22_1812', 5, 164, 364),
	(10165, 'S22_1813', 4, 165, 365),
	(10166, 'S22_1814', 1, 166, 366),
	(10167, 'S22_1815', 1, 167, 367),
	(10168, 'S22_1816', 5, 168, 368),
	(10169, 'S22_1817', 2, 169, 370),
	(10170, 'S22_1818', 1, 170, 369);
/*!40000 ALTER TABLE `orderr` ENABLE KEYS */;

-- Dumping structure for table project.product
CREATE TABLE IF NOT EXISTS `product` (
  `product_id` int(11) NOT NULL AUTO_INCREMENT,
  `product_code` varchar(100) DEFAULT NULL,
  `product_type` varchar(50) DEFAULT NULL,
  `product_price` varchar(20) DEFAULT NULL,
  `shipping` varchar(3) DEFAULT NULL,
  PRIMARY KEY (`product_id`)
) ENGINE=InnoDB AUTO_INCREMENT=471 DEFAULT CHARSET=utf8mb4 COLLATE=utf8mb4_0900_ai_ci;

-- Dumping data for table project.product: ~70 rows (approximately)
/*!40000 ALTER TABLE `product` DISABLE KEYS */;
INSERT INTO `product` (`product_id`, `product_code`, `product_type`, `product_price`, `shipping`) VALUES
	(70, 'S22_1818', 'Books', '45000', 'Yes'),
	(401, 'S18_1749', 'Books', '136', 'Yes'),
	(402, 'S18_1750', 'Books', '450', 'Yes'),
	(403, 'S18_1751', 'Books', '180', 'No'),
	(404, 'S18_1752', 'Books', '250', 'Yes'),
	(405, 'S18_1753', 'Books', '350', 'No'),
	(406, 'S18_1754', 'Books', '400', 'Yes'),
	(407, 'S18_1755', 'Books', '350', 'No'),
	(408, 'S18_1756', 'Books', '250', 'No'),
	(409, 'S18_1757', 'Books', '450', 'Yes'),
	(410, 'S18_1758', 'Books', '300', 'No'),
	(411, 'S18_1759', 'Books', '500', 'No'),
	(412, 'S18_1760', 'Books', '550', 'Yes'),
	(413, 'S18_1761', 'Books', '800', 'No'),
	(414, 'S18_1762', 'Books', '1000', 'No'),
	(415, 'S18_1763', 'Books', '600', 'Yes'),
	(416, 'S18_1764', 'Books', '700', 'No'),
	(417, 'S18_1765', 'Books', '400', 'Yes'),
	(418, 'S18_1766', 'Books', '300', 'Yes'),
	(419, 'S20_1767', 'Electronics', '25000', 'Yes'),
	(420, 'S20_1768', 'Electronics', '15000', 'No'),
	(421, 'S20_1769', 'Electronics', '20000', 'No'),
	(422, 'S20_1770', 'Electronics', '15000', 'Yes'),
	(423, 'S20_1771', 'Electronics', '12500', 'No'),
	(424, 'S20_1772', 'Electronics', '10000', 'Yes'),
	(425, 'S20_1773', 'Electronics', '7500', 'No'),
	(426, 'S20_1774', 'Electronics', '5000', 'Yes'),
	(427, 'S20_1775', 'Electronics', '2500', 'No'),
	(428, 'S20_1776', 'Electronics', '50000', 'Yes'),
	(429, 'S20_1777', 'Electronics', '30000', 'No'),
	(430, 'S20_1778', 'Electronics', '40000', 'Yes'),
	(431, 'S20_1779', 'Electronics', '30000', 'No'),
	(432, 'S20_1780', 'Electronics', '25000', 'Yes'),
	(433, 'S20_1781', 'Electronics', '20000', 'No'),
	(434, 'S20_1782', 'Electronics', '15000', 'Yes'),
	(435, 'S20_1783', 'Electronics', '10000', 'No'),
	(436, 'S20_1784', 'Electronics', '5000', 'Yes'),
	(437, 'S20_1785', 'Electronics', '40000', 'No'),
	(438, 'S21_1786', 'Electrical', '100000', 'Yes'),
	(439, 'S21_1787', 'Electrical', '200000', 'No'),
	(440, 'S21_1788', 'Electrical', '50000', 'Yes'),
	(441, 'S21_1789', 'Electrical', '40000', 'No'),
	(442, 'S21_1790', 'Electrical', '300000', 'Yes'),
	(443, 'S21_1791', 'Electrical', '25000', 'No'),
	(444, 'S21_1792', 'Electrical', '30000', 'Yes'),
	(445, 'S21_1793', 'Electrical', '40000', 'No'),
	(446, 'S21_1794', 'Electrical', '30000', 'Yes'),
	(447, 'S21_1795', 'Electrical', '25000', 'No'),
	(448, 'S21_1796', 'Electrical', '20000', 'No'),
	(449, 'S21_1797', 'Electrical', '15000', 'Yes'),
	(450, 'S21_1798', 'Electrical', '10000', 'No'),
	(451, 'S21_1799', 'Electrical', '100000', 'No'),
	(452, 'S21_1800', 'Electrical', '200000', 'Yes'),
	(453, 'S21_1801', 'Electrical', '50000', 'Yes'),
	(454, 'S21_1802', 'Electrical', '40000', 'Yes'),
	(455, 'S21_1803', 'Electrical', '300000', 'No'),
	(456, 'S22_1804', 'Clothes', '10000', 'Yes'),
	(457, 'S22_1805', 'Clothes', '2500', 'No'),
	(458, 'S22_1806', 'Clothes', '30000', 'Yes'),
	(459, 'S22_1807', 'Clothes', '900', 'No'),
	(460, 'S22_1808', 'Clothes', '1500', 'Yes'),
	(461, 'S22_1809', 'Clothes', '800', 'No'),
	(462, 'S22_1810', 'Clothes', '9500', 'No'),
	(463, 'S22_1811', 'Clothes', '500', 'Yes'),
	(464, 'S22_1812', 'Clothes', '950', 'No'),
	(465, 'S22_1813', 'Clothes', '40000', 'No'),
	(466, 'S22_1814', 'Clothes', '25000', 'Yes'),
	(467, 'S22_1815', 'Clothes', '1000', 'No'),
	(468, 'S22_1816', 'Clothes', '50000', 'Yes'),
	(469, 'S22_1817', 'Clothes', '469', 'Yes');
/*!40000 ALTER TABLE `product` ENABLE KEYS */;

-- Dumping structure for table project.sales
CREATE TABLE IF NOT EXISTS `sales` (
  `customer_id` int(11) NOT NULL AUTO_INCREMENT,
  `vendor_id` varchar(100) DEFAULT NULL,
  `date_order` date DEFAULT NULL,
  `date_reaching` date DEFAULT NULL,
  PRIMARY KEY (`customer_id`)
) ENGINE=InnoDB AUTO_INCREMENT=171 DEFAULT CHARSET=utf8mb4 COLLATE=utf8mb4_0900_ai_ci;

-- Dumping data for table project.sales: ~70 rows (approximately)
/*!40000 ALTER TABLE `sales` DISABLE KEYS */;
INSERT INTO `sales` (`customer_id`, `vendor_id`, `date_order`, `date_reaching`) VALUES
	(101, '301', '2018-11-11', '2018-11-14'),
	(102, '302', '2018-10-18', '2018-10-20'),
	(103, '303', '2018-10-15', '2018-10-18'),
	(104, '304', '2018-08-18', '2018-08-20'),
	(105, '305', '2018-05-18', '2018-05-20'),
	(106, '306', '2018-05-20', '2018-05-22'),
	(107, '307', '2018-01-01', '2018-01-05'),
	(108, '308', '2018-01-02', '2018-01-04'),
	(109, '309', '2017-01-06', '2017-01-08'),
	(110, '310', '2017-01-10', '2017-01-12'),
	(111, '311', '2017-01-14', '2017-01-16'),
	(112, '312', '2017-01-16', '2017-01-18'),
	(113, '313', '2017-01-18', '2017-01-20'),
	(114, '314', '2017-01-22', '2017-01-24'),
	(115, '315', '2017-01-26', '2017-01-28'),
	(116, '316', '2017-01-20', '2017-01-28'),
	(117, '317', '2017-01-17', '2017-01-21'),
	(118, '318', '2017-02-16', '2017-02-04'),
	(119, '319', '2017-02-01', '2017-02-05'),
	(120, '320', '2017-02-04', '2017-02-06'),
	(121, '321', '2017-02-08', '2017-02-10'),
	(122, '322', '2018-02-10', '2018-02-12'),
	(123, '323', '2018-02-12', '2018-02-14'),
	(124, '324', '2018-02-15', '2018-02-17'),
	(125, '325', '2018-02-18', '2018-02-20'),
	(126, '326', '2018-02-22', '2018-02-24'),
	(127, '327', '2018-02-24', '2018-02-26'),
	(128, '328', '2018-02-25', '2018-02-27'),
	(129, '329', '2018-02-03', '2018-02-06'),
	(130, '330', '2018-03-01', '2018-03-02'),
	(131, '331', '2017-03-03', '2017-03-04'),
	(132, '332', '2017-03-05', '2017-03-06'),
	(133, '333', '2017-03-07', '2017-03-08'),
	(134, '334', '2017-03-09', '2017-03-10'),
	(135, '335', '2017-03-11', '2017-03-12'),
	(136, '336', '2017-03-13', '2017-03-14'),
	(137, '337', '2017-03-15', '2017-03-16'),
	(138, '338', '2017-03-17', '2017-03-18'),
	(139, '339', '2017-03-19', '2017-03-20'),
	(140, '340', '2017-03-21', '2017-03-22'),
	(141, '341', '2017-03-23', '2017-03-24'),
	(142, '342', '2017-03-25', '2017-03-26'),
	(143, '343', '2017-03-02', '2017-03-04'),
	(144, '344', '2017-03-05', '2017-03-07'),
	(145, '345', '2017-03-08', '2017-03-10'),
	(146, '346', '2018-03-12', '2018-03-15'),
	(147, '347', '2018-03-17', '2018-03-20'),
	(148, '348', '2018-03-22', '2018-03-25'),
	(149, '349', '2018-03-26', '2018-03-30'),
	(150, '350', '2018-05-08', '2018-05-12'),
	(151, '351', '2018-05-06', '2018-05-15'),
	(152, '352', '2018-05-15', '2018-05-20'),
	(153, '353', '2018-05-17', '2018-05-19'),
	(154, '354', '2018-05-14', '2018-05-19'),
	(155, '355', '2018-05-18', '2018-05-20'),
	(156, '356', '2018-05-15', '2018-05-19'),
	(157, '357', '2018-05-12', '2018-05-18'),
	(158, '358', '2018-05-14', '2018-05-19'),
	(159, '359', '2018-04-01', '2018-04-03'),
	(160, '360', '2018-04-04', '2018-04-06'),
	(161, '361', '2018-04-08', '2018-04-10'),
	(162, '362', '2018-04-12', '2018-04-15'),
	(163, '363', '2018-04-18', '2018-04-20'),
	(164, '364', '2018-04-21', '2018-04-23'),
	(165, '365', '2018-04-24', '2018-04-27'),
	(166, '366', '2018-04-02', '2018-04-04'),
	(167, '367', '2018-04-06', '2018-04-09'),
	(168, '368', '2018-04-10', '2018-04-12'),
	(169, '369', '2018-04-14', '2018-04-17'),
	(170, '370', '2018-09-27', '2019-02-04');
/*!40000 ALTER TABLE `sales` ENABLE KEYS */;

-- Dumping structure for table project.vendor
CREATE TABLE IF NOT EXISTS `vendor` (
  `vendor_id` int(11) NOT NULL AUTO_INCREMENT,
  `vendor_name` varchar(100) DEFAULT NULL,
  `vendor_email` varchar(50) DEFAULT NULL,
  `vendor_contact` varchar(10) DEFAULT NULL,
  `vendor_address` varchar(100) DEFAULT NULL,
  PRIMARY KEY (`vendor_id`)
) ENGINE=InnoDB AUTO_INCREMENT=373 DEFAULT CHARSET=utf8mb4 COLLATE=utf8mb4_0900_ai_ci;

-- Dumping data for table project.vendor: ~72 rows (approximately)
/*!40000 ALTER TABLE `vendor` DISABLE KEYS */;
INSERT INTO `vendor` (`vendor_id`, `vendor_name`, `vendor_email`, `vendor_contact`, `vendor_address`) VALUES
	(301, 'Angel', 'Angel@gmail.com', '9876409270', 'India'),
	(302, 'Brayden', 'Brayden@gmail.com', '9876407264', 'UK'),
	(303, 'Jordan', 'Jordan@gmail.com', '9876405258', 'India'),
	(304, 'Dominic', 'Dominic@gmail.com', '9876403252', 'India'),
	(305, 'Austin', 'Austin@gmail.com', '9876401246', 'India'),
	(306, 'Ian', 'Ian@gmail.com', '9876399240', 'Canada'),
	(307, 'Adam', 'Adam@gmail.com', '9876397234', 'India'),
	(308, 'Elias', 'Elias@gmail.com', '9876395228', 'Newzealand'),
	(309, 'Jaxson', 'Jaxson@gmail.com', '9876393222', 'Bahrain'),
	(310, 'Greyson', 'Greyson@gmail.com', '9876391216', 'Bangladesh'),
	(311, 'Jose', 'Jose@gmail.com', '9876389210', 'Barbados'),
	(312, 'Ezekiel', 'Ezekiel@gmail.com', '9876387204', 'Belarus'),
	(313, 'Carson', 'Carson@gmail.com', '9876385198', 'Belgium'),
	(314, 'Evan', 'Evan@gmail.com', '9876383192', 'Belize'),
	(315, 'Maverick', 'Maverick@gmail.com', '9876381186', 'Benin'),
	(316, 'Bryson', 'Bryson@gmail.com', '9876379180', 'Bhutan'),
	(317, 'Jace', 'Jace@gmail.com', '9876377174', 'Bolivia'),
	(318, 'Cooper', 'Cooper@gmail.com', '9876375168', 'Bosnia and Herzegovina'),
	(319, 'Xavier', 'Xavier@gmail.com', '9876373162', 'Botswana'),
	(320, 'Parker', 'Parker@gmail.com', '9876371156', 'Brazil'),
	(321, 'Roman', 'Roman@gmail.com', '9876369150', 'Brunei'),
	(322, 'Jason', 'Jason@gmail.com', '9876367144', 'Bulgaria'),
	(323, 'Santiago', 'Santiago@gmail.com', '9876365138', 'Burkina Faso'),
	(324, 'Chase', 'Chase@gmail.com', '9876363132', 'Burundi'),
	(325, 'Sawyer', 'Sawyer@gmail.com', '9876361126', 'India'),
	(326, 'Gavin', 'Gavin@gmail.com', '9876359120', 'India'),
	(327, 'Leonardo', 'Leonardo@gmail.com', '9876357114', 'India'),
	(328, 'Kayden', 'Kayden@gmail.com', '9876355108', 'Denmark'),
	(329, 'Ayden', 'Ayden@gmail.com', '9876353102', 'Djibouti'),
	(330, 'Jameson', 'Jameson@gmail.com', '9876351096', 'Dominica'),
	(331, 'Kevin', 'Kevin@gmail.com', '9876349090', 'Dominican Republic'),
	(332, 'Bentley', 'Bentley@gmail.com', '9876347084', 'India'),
	(333, 'Zachary', 'Zachary@gmail.com', '9876345078', 'India'),
	(334, 'Everett', 'Everett@gmail.com', '9876343072', 'India'),
	(335, 'Axel', 'Axel@gmail.com', '9876341066', 'India'),
	(336, 'Tyler', 'Tyler@gmail.com', '9876339060', 'India'),
	(337, 'Micah', 'Micah@gmail.com', '9876337054', 'India'),
	(338, 'Vincent', 'Vincent@gmail.com', '9876335048', 'India'),
	(339, 'Weston', 'Weston@gmail.com', '9876333042', 'India'),
	(340, 'Miles', 'Miles@gmail.com', '9876331036', 'India'),
	(341, 'Wesley', 'Wesley@gmail.com', '9876329030', 'India'),
	(342, 'Nathaniel', 'Nathaniel@gmail.com', '9876327024', 'India'),
	(343, 'Harrison', 'Harrison@gmail.com', '9876325018', 'India'),
	(344, 'Brandon', 'Brandon@gmail.com', '9876323012', 'Gabon'),
	(345, 'Cole', 'Cole@gmail.com', '9876321006', 'The Gambia'),
	(346, 'Declan', 'Declan@gmail.com', '9876319000', 'Georgia'),
	(347, 'Luis', 'Luis@gmail.com', '9876316994', 'Germany'),
	(348, 'Braxton', 'Braxton@gmail.com', '9876314988', 'Ghana'),
	(349, 'Damian', 'Damian@gmail.com', '9876312982', 'Greece'),
	(350, 'Silas', 'Silas@gmail.com', '9876310976', 'Grenada'),
	(351, 'Tristan', 'Tristan@gmail.com', '9876308970', 'Guatemala'),
	(352, 'Ryder', 'Ryder@gmail.com', '9876306964', 'Guinea'),
	(353, 'Bennett', 'Bennett@gmail.com', '9876304958', 'Guinea-Bissau'),
	(354, 'George', 'George@gmail.com', '9876302952', 'Guyana'),
	(355, 'Emmett', 'Emmett@gmail.com', '9876300946', 'India'),
	(356, 'Justin', 'Justin@gmail.com', '9876298940', 'India'),
	(357, 'Kai', 'Kai@gmail.com', '9876296934', 'India'),
	(358, 'Max', 'Max@gmail.com', '9876294928', 'India'),
	(359, 'Diego', 'Diego@gmail.com', '9876292922', 'India'),
	(360, 'Luca', 'Luca@gmail.com', '9876290916', 'India'),
	(361, 'Ryker', 'Ryker@gmail.com', '9876288910', 'India'),
	(362, 'Carlos', 'Carlos@gmail.com', '9876286904', 'Indonesia'),
	(363, 'Maxwell', 'Maxwell@gmail.com', '9876284898', 'Iran'),
	(364, 'Kingston', 'Kingston@gmail.com', '9876282892', 'Iraq'),
	(365, 'Ivan', 'Ivan@gmail.com', '9876280886', 'Ireland'),
	(366, 'Maddox', 'Maddox@gmail.com', '9876278880', 'Israel'),
	(367, 'Juan', 'Juan@gmail.com', '9876276874', 'Italy'),
	(368, 'Ashton', 'Ashton@gmail.com', '9876274868', 'Jamaica'),
	(369, 'Jayce', 'Jayce@gmail.com', '9876272862', 'Japan'),
	(370, 'Rowan', 'Rowan@gmail.com', '9876270856', 'Jordan');
/*!40000 ALTER TABLE `vendor` ENABLE KEYS */;

/*!40101 SET SQL_MODE=IFNULL(@OLD_SQL_MODE, '') */;
/*!40014 SET FOREIGN_KEY_CHECKS=IF(@OLD_FOREIGN_KEY_CHECKS IS NULL, 1, @OLD_FOREIGN_KEY_CHECKS) */;
/*!40101 SET CHARACTER_SET_CLIENT=@OLD_CHARACTER_SET_CLIENT */;
